date,tweet_count,sentiment_a_mean,sentiment_a_std,sentiment_a_median,sentiment_a_min,sentiment_a_max,sentiment_b_mean,sentiment_b_std,sentiment_b_median,sentiment_b_min,sentiment_b_max,sentiment_c_mean,sentiment_c_std,sentiment_c_median,sentiment_c_min,sentiment_c_max,pct_positive_a,pct_neutral_a,pct_negative_a,pct_positive_b,pct_neutral_b,pct_negative_b,pct_positive_c,pct_neutral_c,pct_negative_c,open,high,low,close,volume,price_change,price_change_pct,volume_change_pct,price_ma_7,price_volatility_7,price_momentum
2021-09-01,11789,0.1520914835863941,0.402728738388766,0.0,-0.9971,0.988,0.1677334040206972,0.4102028989978517,0.0,-0.9971,0.988,0.1936449486809737,0.490116838498936,0.0,-1.0,1.0,45.45762999406226,36.32199508015947,18.22037492577827,47.90058529137332,33.94689965221817,18.15251505640852,48.18050725252354,33.40402069726016,18.4154720502163,47099.7734375,49111.08984375,46562.4375,48847.02734375,39139399125,,,,48847.02734375,,0.0
2021-09-02,14339,0.1559284399191017,0.3937799291680325,0.0,-0.996,0.9914,0.1732640212009205,0.4023832331524989,0.0,-0.996,0.9928,0.2013416486505335,0.4839616770928316,0.0,-1.0,1.0,44.34060952646628,39.019457423809186,16.63993304972453,47.20691819513216,36.139200781086544,16.653881023781295,47.43008578004045,35.720761559383504,16.84915266057605,48807.84765625,50343.421875,48652.3203125,49327.72265625,39508070319,480.6953125,0.9840830417728652,0.9419439292426723,49087.375,339.9029151533366,240.34765625
2021-09-03,13665,0.1485993633369923,0.390301021980986,0.0,-0.9921,0.9849,0.1644382217343578,0.3985766807872949,0.0,-0.9921,0.9849,0.1922669557263081,0.4822857406578929,0.0,-1.0,1.0,43.527259421880714,39.71459934138309,16.758141236736186,45.90559824368825,37.577753384559095,16.516648371752655,46.125137211855105,37.02158799853641,16.853274789608488,49288.25,50982.2734375,48386.0859375,50025.375,43206179619,697.65234375,1.4143210068944922,9.360389586584095,49400.041666666664,592.4933157413699,625.3333333333358
2021-09-04,10975,0.1562853758542141,0.3974686471758152,0.0,-0.9712,0.9784,0.1681871070615034,0.4030863297026482,0.0,-0.9663,0.9958,0.195273867881549,0.483044372685637,0.0,-1.0,1.0,44.993166287015946,37.69476082004556,17.312072892938495,46.66059225512528,35.97266514806378,17.366742596810933,47.0250569476082,35.37129840546697,17.603644646924828,50009.32421875,50545.58203125,49548.78125,49944.625,37471327794,-80.75,-0.1614180803242382,-13.273221274296809,49536.1875,555.1350927491252,408.4375
2021-09-05,11500,0.1487015826086956,0.401251540472181,0.0,-0.9815,0.9879,0.1635444695652174,0.4091876425718235,0.0,-0.9815,0.9888,0.1883064086956521,0.4937221473298906,0.0,-1.0,1.0,45.14782608695652,36.78260869565217,18.069565217391304,47.36521739130435,34.573913043478264,18.06086956521739,47.65217391304348,34.07826086956522,18.269565217391303,49937.859375,51868.6796875,49538.59765625,51753.41015625,30322676319,1808.78515625,3.6215812136941583,-19.07765722714705,49979.63203125,1101.9739061696716,1773.778124999997
2021-09-06,13683,0.1676009866257399,0.3884549883684809,0.0,-0.9859,0.9808,0.1848830300372725,0.3964297121525516,0.0,-0.9859,0.9947,0.2135677300299641,0.474026330762109,0.0,-1.0,1.0,46.02060951545714,38.30300372725279,15.676386757290068,48.549294745304394,36.00087700065775,15.449828254037856,48.863553314331654,35.48929328363663,15.64715340203172,51769.00390625,52700.94140625,51053.6796875,52633.53515625,38884105426,880.125,1.7006125728580734,28.234411161245234,50421.94921875,1464.6993404963816,2211.5859375
2021-09-07,25982,0.1337075860210915,0.3929110340996364,0.0,-0.9796,0.9959,0.1392584712493264,0.4026014318861708,0.0,-0.9796,0.9959,0.1631596970979909,0.4864137667842029,0.0,-1.0,1.0,45.15818643676391,35.678546686167344,19.16326687706874,46.809329535832504,32.91509506581479,20.275575398352704,47.13263028250327,32.380109306442925,20.487260411053807,52660.48046875,52853.765625,43285.20703125,46811.12890625,65210059683,-5822.40625,-11.06216071695616,67.7036387196838,49906.11774553572,1910.591939605208,-3094.9888392857174
2021-09-08,18711,0.1261403559403559,0.4081740891387066,0.0,-0.967,0.9992,0.1290327507883063,0.4173134082791658,0.0,-0.967,0.9992,0.1517603682325904,0.5032113850784896,0.0,-1.0,1.0,43.96344396344397,34.77099032654588,21.26556571001015,44.86665597776709,33.1729998396665,21.96034418256641,45.18732296510074,32.60648816204372,22.206188872855535,46827.76171875,47334.0546875,44561.39453125,46091.390625,49007762488,-719.73828125,-1.5375366885328479,-24.84631554358763,49512.455357142855,2389.1368507913835,-3421.064732142855
2021-09-09,14970,0.14281042752171,0.3994412126036718,0.0,-0.9705,0.9965,0.1512455310621242,0.4065989002314848,0.0,-0.9704,0.9987,0.1786955043420173,0.4894355199254585,0.0,-1.0,1.0,43.473613894455575,37.70207080828323,18.824315297261187,45.01002004008016,35.81830327321309,19.171676686706743,45.27054108216433,35.33066132264529,19.39879759519038,45774.7421875,47261.94921875,45669.73828125,46391.421875,38672657013,300.03125,0.6509485739778498,-21.088711155769758,49092.98381696428,2668.4227103164435,-2701.5619419642826
2021-09-10,15060,0.1498987583001328,0.4191504189300943,0.0,-0.9919,0.9978,0.1548480345285524,0.4255086627000577,0.0,-0.9919,0.9978,0.1811656474103586,0.5113807156328334,0.0,-1.0,1.0,46.45418326693227,33.57901726427623,19.966799468791503,47.47011952191235,32.20451527224436,20.325365205843298,47.689243027888445,31.739707835325365,20.571049136786183,46396.6640625,47031.7421875,44344.484375,44883.91015625,39154666597,-1507.51171875,-3.2495484247323514,1.2463834171982713,48358.48883928572,3049.4110421267137,-3474.5786830357174
2021-09-11,11860,0.1512427403035413,0.40849017486785,0.0,-0.9795,0.9954,0.1557624114671163,0.4155767665868844,0.0,-0.9795,0.9955,0.1847038996627318,0.4991212562183493,0.0,-1.0,1.0,46.3743676222597,35.084317032040474,18.541315345699832,47.5885328836425,33.59190556492411,18.819561551433388,47.782462057335586,33.11129848229342,19.106239460370993,44869.83984375,45969.29296875,44818.265625,45201.45703125,34499835245,317.546875,0.707484873520503,-11.888318191826075,47680.89341517857,3163.081810204861,-2479.4363839285725
2021-09-12,10320,0.1731723449612403,0.4087490593807542,0.0,-0.9552,0.9812,0.1815169282945736,0.4146528356809487,0.0772,-0.9557,0.9874,0.2130991812015504,0.4964812672528297,0.1272,-1.0,1.0,49.10852713178295,33.304263565891475,17.587209302325583,50.43604651162791,31.763565891472865,17.800387596899224,50.68798449612403,31.269379844961243,18.04263565891473,45206.62890625,46364.87890625,44790.4609375,46063.26953125,27881980161,861.8125,1.9066033632592516,-19.182280254393724,46868.01618303572,2627.9411424817135,-804.7466517857174
2021-09-13,13059,0.148709985450647,0.4015545192399564,0.0,-0.9678,0.9913,0.1557458610919672,0.4108351264007037,0.0,-0.9678,0.9913,0.1806690366796845,0.4938836350470224,0.0,-1.0,1.0,45.730913546213344,35.67654491155525,18.592541542231412,47.13990351481737,33.23378512902978,19.626311356152844,47.34665747760165,32.8355923118156,19.81775021058274,46057.21484375,46598.6796875,43591.3203125,44963.07421875,40969943253,-1100.1953125,-2.3884438158555232,46.940579601684185,45772.236049107145,754.862463576831,-809.1618303571449
2021-09-14,13337,0.1521658393941666,0.4005294409448821,0.0,-0.9843,0.9897,0.1602528154757441,0.4082503124239338,0.0,-0.9839,0.9897,0.1827460110969483,0.4934309615846103,0.0,-1.0,1.0,44.792682012446576,37.317237759616106,17.890080227937315,46.329759316188046,35.47274499512634,18.19749568868561,46.554697458198994,35.06785633950663,18.37744620229437,44960.05078125,47218.125,44752.33203125,47092.4921875,38652152880,2129.41796875,4.73592610325122,-5.657294565157301,45812.43080357143,823.7488095934901,1280.0613839285725
2021-09-15,13987,0.1525552155573032,0.4089722706546012,0.0,-0.9822,0.9851,0.1622955387145206,0.4164696620826832,0.0,-0.9822,0.9939,0.1938900586258669,0.5034090124287797,0.0,-1.0,1.0,45.735325659541004,35.81182526631873,18.452849074140275,47.3582612425824,33.88861085293487,18.75312790448273,47.80152999213555,33.273754200328874,18.92471580753557,47098.0,48450.46875,46773.328125,48176.34765625,30484496466,1083.85546875,2.3015462091804384,-21.131181073813455,46110.28180803572,1222.06453499967,2066.0658482142826
2021-09-16,13957,0.1522053306584509,0.404462481112101,0.0,-0.9753,0.9998,0.1619403668410116,0.4094221435851702,0.0,-0.9753,0.9998,0.1928476785842229,0.4929191637121637,0.0,-1.0,1.0,45.23894819803683,35.931790499390985,18.829261302572185,46.82238303360321,34.42000429891811,18.75761266747869,47.130472164505264,33.875474672207496,18.99405316328724,48158.90625,48486.828125,47079.55859375,47783.359375,31764293754,-392.98828125,-0.8157286726135138,4.198190675143287,46309.13002232143,1378.6475793193058,1474.2293526785725
2021-09-17,13132,0.1460093588181541,0.4091763871737481,0.0,-0.9756,0.9967,0.1563122601279317,0.4145249103304296,0.0,-0.9694,0.9967,0.1823879150167529,0.4983531848781131,0.0,-1.0,1.0,44.882729211087415,35.5239110569601,19.59335973195248,46.67225098994822,33.75723423697837,19.57051477307341,46.92354553761803,33.269875114224796,19.806579348157175,47771.00390625,48160.921875,46832.5234375,47267.51953125,28727713711,-515.83984375,-1.0795386730801604,-9.559727870913582,46649.64564732143,1256.9551461019867,617.8738839285725
2021-09-18,11210,0.172664362176628,0.4039345343352186,0.0,-0.9896,0.9919,0.1823533184656556,0.4089039696548079,0.0,-0.9896,0.9919,0.2099748349687779,0.4881503394457146,0.0,-1.0,1.0,46.49420160570919,36.06601248884924,17.43978590544157,47.94826048171276,34.56735057983943,17.484388938447815,48.215878679750226,34.03211418376449,17.752007136485283,47273.52734375,48791.78125,47087.28515625,48278.36328125,28575630451,1010.84375,2.138558909002408,-0.5293956265714495,47089.20368303572,1202.9553491227075,1189.1595982142826
2021-09-19,9829,0.1655969274595584,0.4040484265882118,0.0,-0.9791,0.985,0.1772663343168175,0.4098497118275255,0.0,-0.9791,0.985,0.2050126615118526,0.4922610279857259,0.0,-1.0,1.0,47.13602604537593,34.00142435649609,18.86254959812799,48.94699359039576,32.22097873639231,18.83202767321192,49.2929087394445,31.407060738630584,19.300030521924917,48268.85546875,48328.3671875,46919.8046875,47260.21875,26967722648,-1018.14453125,-2.1089044077959085,-5.626849793418054,47260.19642857143,1114.648305374484,0.022321428572467994
2021-09-20,15175,0.1142793014827018,0.4109399436832517,0.0,-0.9847,0.9896,0.1187868665568369,0.4207628611092193,0.0,-0.9847,0.9896,0.1380791070840197,0.5054954805152723,0.0,-1.0,1.0,41.858319604612845,36.46128500823723,21.68039538714992,43.209225700164744,32.69851729818781,24.092257001647447,43.4332784184514,32.11202635914333,24.45469522240527,47261.40625,47328.19921875,42598.9140625,42843.80078125,43909845642,-4416.41796875,-9.344895316951952,62.82370675173223,46957.443080357145,1872.6455442272604,-4113.642299107145
2021-09-21,14364,0.12652313422445,0.4161919080503227,0.0,-0.9856,0.9847,0.1311762113617376,0.4245150210695198,0.0,-0.9856,0.9919,0.1555546052631579,0.5071039547177029,0.0,-1.0,1.0,43.80395433027011,34.76051239209134,21.43553327763854,44.96658312447786,32.38652186020607,22.64689501531607,45.26594263436369,31.81565023670287,22.91840712893344,43012.234375,43607.609375,39787.609375,40693.67578125,48701090088,-2150.125,-5.01852067461992,10.91154928000282,46043.326450892855,3011.314387330642,-5349.650669642855
2021-09-22,13193,0.1489367391798681,0.409317933058295,0.0,-0.979,0.9864,0.156585628742515,0.4173574288833842,0.0,-0.979,0.988,0.1841700068217994,0.498545954564919,0.0,-1.0,1.0,43.985446827863264,37.21670582884863,18.797847343288108,45.38770560145531,35.2611233229743,19.351171075570377,45.95618888804669,34.48040627605549,19.563404835897824,40677.953125,43978.62109375,40625.6328125,43574.5078125,38139709246,2880.83203125,7.079311406361999,-21.686128222009415,45385.92075892857,2970.0756538077876,-1811.4129464285725
2021-09-23,15100,0.1501696887417218,0.4058196506903671,0.0,-0.9534,0.9943,0.1585389470198675,0.4127091050984593,0.0,-0.9534,0.9973,0.1841482350993377,0.4902026069835494,0.0,-1.0,1.0,44.48344370860927,37.2317880794702,18.28476821192053,45.87417218543046,35.52980132450331,18.596026490066222,46.11258278145695,35.04635761589404,18.841059602649008,43560.296875,44942.17578125,43109.33984375,44895.09765625,34244064430,1320.58984375,3.03064775724482,-10.214143980157807,44973.31194196428,2775.7752516335086,-78.2142857142826
2021-09-24,21046,0.080670469447876,0.4376123168417362,0.0,-0.9961,0.9859,0.0853358928062339,0.4445231733571783,0.0,-0.9961,0.9897,0.1003536253919984,0.5273902980878091,0.0,-1.0,1.0,39.94583293737527,33.57882733060914,26.475339732015584,41.11945262757769,31.830276537109185,27.05027083531312,41.44730590135893,31.331369381355128,27.221324717285945,44894.30078125,45080.4921875,40936.55859375,42839.75,42839345714,-2055.34765625,-4.578111561282839,25.100061651764616,44340.7734375,2668.2557619019967,-1501.0234375
2021-09-25,12372,0.1099411412867766,0.4290484278694013,0.0,-0.9733,0.9805,0.1159011800840607,0.4352519167271919,0.0,-0.9733,0.9812,0.1350487835434853,0.5168156091745326,0.0,-1.0,1.0,42.37795021015195,33.4384093113482,24.18364047849984,43.46912382799871,32.16133204009053,24.369544131910768,43.68735855156805,31.73294536049143,24.579696087940512,42840.890625,42996.2578125,41759.921875,42716.59375,31604717236,-123.15625,-0.2874812528084303,-26.22502349359761,43546.23493303572,2058.79571188633,-829.6411830357174
2021-09-26,11427,0.142130882996412,0.4221632407459937,0.0,-0.9953,0.9993,0.150625220967883,0.4304973161714449,0.0,-0.9949,0.9993,0.177396188850967,0.5126489986084483,0.0,-1.0,1.0,45.042443335958694,33.919663953793645,21.03789271024766,46.51264548875471,32.15192088912225,21.33543362212304,46.897698433534615,31.469327032466964,21.632974533998425,42721.62890625,43919.30078125,40848.4609375,43208.5390625,30661222077,491.9453125,1.151649205409777,-2.9852985298197576,42967.423549107145,1252.1343831525119,241.11551339285506
2021-09-27,12797,0.1370682816285066,0.4131470948614545,0.0,-0.9709,0.9946,0.1488091193248417,0.4204990819175986,0.0,-0.9709,0.9957,0.1774728295694303,0.4988370593765339,0.0,-1.0,1.0,43.79932796749238,35.28952098148003,20.911151051027584,45.745096506993825,33.56255372352896,20.69234976947722,46.11237008673908,32.96866453074939,20.918965382511526,43234.18359375,44313.24609375,42190.6328125,42235.73046875,30980029059,-972.80859375,-2.251426719942695,1.0397725870135766,42880.556361607145,1282.8557919798225,-644.8258928571449
2021-09-28,13069,0.1318662101155406,0.4185070648673965,0.0,-0.9722,0.995,0.1400365980564695,0.4253113995035694,0.0,-0.9722,0.995,0.1632558765016451,0.5108706684300421,0.0,-1.0,1.0,43.52284030912848,35.47325732649782,21.003902364373708,44.98431402555666,33.629198867549164,21.38648710689418,45.24447165047058,33.101231922870916,21.654296426658505,42200.8984375,42775.14453125,40931.6640625,41034.54296875,30214940550,-1201.1875,-2.844007873591181,-2.469618435615162,42929.251674107145,1189.0496231406482,-1894.708705357145
2021-09-29,13768,0.1535423954096455,0.4025682120777152,0.0,-0.9906,0.9845,0.1623867882045322,0.40897949315186,0.0,-0.9906,0.9995,0.1880493063625798,0.4925356591330277,0.0,-1.0,1.0,45.39511911679256,36.35967460778617,18.245206275421268,46.85502614758861,34.638291690877395,18.50668216153399,47.14555490993608,34.1443927948867,18.710052295177224,41064.984375,42545.2578125,40829.66796875,41564.36328125,30602359905,529.8203125,1.2911568502261384,1.28221121057277,42642.088169642855,1248.4896695937923,-1077.724888392855
2021-09-30,13557,0.1522616655602272,0.4108893590203109,0.0,-0.9783,0.9991,0.1694328391236999,0.4167093014040613,0.0,-0.9783,0.9991,0.199120646160655,0.4986571557421623,0.0,-1.0,1.0,45.334513535442944,35.656856236630524,19.00863022792653,47.93095817658774,33.25219443829756,18.816847385114706,48.18912738806521,32.669469646676994,19.1414029652578,41551.26953125,44092.6015625,41444.58203125,43790.89453125,31141681925,2226.53125,5.356827518164842,1.7623543467701008,42484.34486607143,950.60352684232,1306.5496651785725
2021-10-01,16455,0.1496669826800364,0.4008523876804392,0.0,-0.981,0.994,0.1730926040717107,0.410910045721205,0.0,-0.9726,0.994,0.2062015314494074,0.4948418255940605,0.0,-1.0,1.0,43.88939532057125,38.98511090853844,17.12549377089031,47.292616226071104,35.83713157095108,16.870252202977817,47.493163172288064,35.32057125493771,17.186265572774232,43816.7421875,48436.01171875,43320.0234375,48116.94140625,42850641582,4326.046875,9.87887304268893,37.59899572925845,43238.22935267857,2346.746706707355,4878.7120535714275
2021-10-02,11326,0.1676620165989758,0.4094994327725245,0.0,-0.9805,0.9886,0.1825653981988345,0.4162359675969551,0.0,-0.9799,0.9972,0.2123232959562069,0.495075940968114,0.0,-1.0,1.0,46.62722938371888,36.394137383012534,16.978633233268585,48.95814939078227,34.072046618400144,16.96980399081759,49.21419742186121,33.60409676849726,17.18170580964153,48137.46875,48282.0625,47465.49609375,47711.48828125,30614346492,-405.453125,-0.8426411013467638,-28.55568700548937,43951.78571428572,2864.0624878071076,3759.7025669642826
2021-10-03,11205,0.1664561535029005,0.4041399733490488,0.0,-0.9676,0.9962,0.1781195983935743,0.4121814947973226,0.0,-0.9676,0.9962,0.2055719812583668,0.4929299712732394,0.0,-1.0,1.0,46.863007585899155,36.09995537706381,17.037037037037038,48.80856760374833,33.88665774207943,17.304774654172245,49.16555109326194,33.27086122266845,17.563587684069613,47680.02734375,49130.69140625,47157.2890625,48199.953125,26638115879,488.46484375,1.0237887379882071,-12.98812834054469,44664.84486607143,3244.288850961277,3535.1082589285725
2021-10-04,15289,0.1462344561449408,0.3919025201385918,0.0,-0.9834,0.9826,0.1654458826607364,0.4000601697487123,0.0,-0.9834,0.985,0.193705674013997,0.4783497349317687,0.0,-1.0,1.0,43.1813722283995,39.78677480541566,17.03185296618484,46.353587546602135,36.66688468833802,16.979527765059846,46.77872980574269,36.0324416246975,17.188828569559814,48208.90625,49456.77734375,47045.00390625,49112.90234375,33383173002,912.94921875,1.8940873580984396,25.32107433438049,45647.29799107143,3422.48887167736,3465.6043526785725
2021-10-05,17537,0.1368147915835091,0.3905752757843326,0.0,-0.991,0.9879,0.1598519758225466,0.4015608496567834,0.0,-0.991,0.9879,0.1850113816502252,0.4809062796058944,0.0,-1.0,1.0,41.814449449734845,40.33757199064834,17.84797855961681,45.389747391229974,37.013172150310766,17.597080458459256,45.70337001767692,36.55699378456977,17.739636197753324,49174.9609375,51839.984375,49072.83984375,51514.8125,35873904236,2401.91015625,4.890588911725469,7.461038032097123,47144.47935267857,3360.057883188461,4370.3331473214275
2021-10-06,20992,0.1478696503429878,0.3874141652124777,0.0,-0.9925,0.9925,0.1755214272103658,0.3991764153662309,0.0,-0.9903,0.9973,0.2057981993140243,0.4803927565957162,0.0,-1.0,1.0,42.9592225609756,40.362995426829265,16.677782012195124,47.10842225609756,36.456745426829265,16.43483231707317,47.437118902439025,35.87557164634146,16.687309451219512,51486.6640625,55568.46484375,50488.19140625,55361.44921875,49034730168,3846.63671875,7.46704982911468,36.68634962456334,49115.49162946428,3580.6565159872657,6245.957589285717
2021-10-07,15947,0.1658479588637361,0.4031497854515881,0.0,-0.9761,0.9973,0.1849490437072803,0.4104595242659591,0.0243,-0.9761,0.9973,0.2163878002132062,0.4981484582882761,0.0258,-1.0,1.0,46.51031541982818,35.93779394243432,17.551890637737504,49.10641499968646,33.94368846805042,16.94989653226312,49.438765912083774,33.39186053803223,17.16937354988399,55338.625,55338.625,53525.46875,53805.984375,36807860413,-1555.46484375,-2.809653406297008,-24.935121929108195,50546.21875,3061.784169305239,3259.765625
2021-10-08,13508,0.1676571217056559,0.3957636043482977,0.0,-0.9786,0.9899,0.1805140805448623,0.4031448938536633,0.0,-0.9788,0.9899,0.2133137029908202,0.4922892225773083,0.0,-1.0,1.0,46.49096831507255,37.096535386437665,16.412496298489785,48.37133550488599,35.07551080840983,16.553153686704174,48.60823215872076,34.50547823511993,16.886289606159313,53802.14453125,55922.98046875,53688.0546875,53967.84765625,34800873924,161.86328125,0.30082765538104184,-5.452602967085696,51382.0625,3086.606721919163,2585.78515625
2021-10-09,11662,0.1638348653747213,0.4044911081259165,0.0,-0.9724,0.9984,0.1758582404390327,0.4125247274601437,0.0,-0.9724,0.9984,0.2047254930543646,0.4983956062109318,0.0,-1.0,1.0,46.13273880980964,36.0830046304236,17.784256559766764,48.49939975990396,33.467672783399074,18.032927456696964,48.7309209398045,32.93603155547933,18.33304750471617,53929.78125,55397.9453125,53735.14453125,54968.22265625,32491211414,1000.375,1.853649985027972,-6.636794567412196,52418.73883928572,2858.5366617280106,2549.4838169642826
2021-10-10,11207,0.1664965378781119,0.4032140549652419,0.0,-0.979,0.9876,0.1825941019005978,0.4110780231048491,0.0,-0.9803,0.9979,0.2141563219416436,0.4892927920115277,0.0,-1.0,1.0,46.560185598286786,36.30766485232443,17.132149549388775,49.05862407423932,33.898456321941644,17.042919603819044,49.30846792183457,33.40769162130811,17.283840456857323,54952.8203125,56401.3046875,54264.2578125,54771.578125,39527792364,-196.64453125,-0.3577422040362044,21.656874717105936,53357.54241071428,2258.156543876331,1414.0357142857174
2021-10-11,17669,0.1481564944252646,0.392334845854451,0.0,-0.9872,0.9981,0.1664476484237931,0.4007647694511791,0.0,-0.9699,0.9981,0.1936613418982398,0.4838835746567191,0.0,-1.0,1.0,44.30924217556172,37.715773388420395,17.974984436017884,47.269228592450055,34.76710623125248,17.963665176297468,47.59748712434207,34.235101024393,18.167411851264927,54734.125,57793.0390625,54519.765625,57484.7890625,42637331698,2713.2109375,4.953684064585273,7.866716424143183,54553.52622767857,1807.4005483669941,2931.2628348214275
2021-10-12,16279,0.1505118373364457,0.4003624682219106,0.0,-0.9794,0.9974,0.1636866699428711,0.4077393013616487,0.0,-0.9806,0.9974,0.1893052460224829,0.4905871359165156,0.0,-1.0,1.0,45.09490754960378,36.55015664352847,18.354935806867744,47.18963081270349,34.37557589532527,18.434793291971253,47.416917501075005,33.87185945082622,18.711223048098777,57526.83203125,57627.87890625,54477.97265625,56041.05859375,41083758949,-1443.73046875,-2.5114999851183484,-3.6436913078987887,55200.1328125,1268.3618927584569,840.92578125
2021-10-13,15123,0.1434652317661839,0.3917821102471693,0.0,-0.9712,0.9898,0.1572777358989618,0.3989441305114278,0.0,-0.9623,0.9977,0.1825549196587978,0.4803426569996122,0.0,-1.0,1.0,43.232162930635454,38.1405805726377,18.62725649672684,45.321695430800766,36.17007207564637,18.508232493552867,45.61264299411493,35.68075117370892,18.706605832176155,56038.2578125,57688.66015625,54370.97265625,57401.09765625,41684252783,1360.0390625,2.426861834211813,1.4616331352382606,55491.51116071428,1520.7654439926196,1909.5864955357174
2021-10-14,16262,0.1627382548272045,0.3930083753468603,0.0,-0.9697,0.995,0.1796586828188414,0.4011503619470987,0.0,-0.9697,0.9961,0.2131386145615545,0.4839504530058274,0.0,-1.0,1.0,45.4064690689952,37.83667445578649,16.756856475218303,47.92153486656008,35.49378920182019,16.584675931619728,48.20440290247202,35.02644201205264,16.76915508547534,57372.83203125,58478.734375,56957.07421875,57321.5234375,36615791366,-79.57421875,-0.1386283921372633,-12.159175416638535,55993.73102678572,1450.2146993084064,1327.7924107142826
2021-10-15,28092,0.1554668660116759,0.3819984357164072,0.0,-0.9861,0.992,0.1862128292752385,0.3944686378357986,0.0,-0.9861,0.9935,0.2238849547913997,0.4868453125127153,0.0,-1.0,1.0,43.67791542076036,39.872561583368935,16.449522995870712,48.2094546490104,35.66851772746689,16.122027623522712,48.47999430442831,35.19507333048555,16.324932365086145,57345.90234375,62757.12890625,56868.14453125,61593.94921875,51780081801,4272.42578125,7.453440740995654,41.41461885507949,57083.174107142855,2293.787727528765,4510.775111607145
2021-10-16,15684,0.1786757778627901,0.3921785060742953,0.0,-0.979,0.9934,0.1966052155062484,0.3981762481256347,0.0236499999999999,-0.9752,0.9937,0.2334618400918133,0.4834686643110789,0.0258,-1.0,1.0,46.65263963274675,37.962254526906406,15.38510584034685,49.40066309614894,35.456516194848255,15.142820709002804,49.6684519255292,34.91456261157868,15.416985462892118,61609.52734375,62274.4765625,60206.12109375,60892.1796875,34250964237,-701.76953125,-1.139348166745524,-33.85301249883593,57929.45368303572,2469.5125315641403,2962.7260044642826
2021-10-17,14618,0.165331714324805,0.4016281900806654,0.0,-0.9922,0.9861,0.1774105486386646,0.4105051297367901,0.0,-0.9815,0.9861,0.2094802024900807,0.4963300701167799,0.0,-1.0,1.0,46.976330551375014,35.71624025174442,17.30742919688056,48.86441373648926,33.59556710904364,17.540019154467096,49.20645779176358,33.007251333971816,17.786290874264605,60887.65234375,61645.5234375,59164.46875,61553.6171875,29032367511,661.4375,1.086243756414218,-15.236349814533256,58898.31640625,2351.682769611522,2655.30078125
2021-10-18,17589,0.1552646256182841,0.3844317596927653,0.0,-0.9906,0.9943,0.1726703678435385,0.3940289727761981,0.0,-0.9906,0.9943,0.209749383137188,0.4816532003069421,0.0,-1.0,1.0,44.24924668827108,39.80897151628859,15.941781795440331,47.25112286087896,36.6365341975098,16.112342941611235,47.59793052475979,36.09642390130195,16.305645573938257,61548.8046875,62614.66015625,60012.7578125,62026.078125,38055562075,472.4609375,0.7675599893030238,31.07977522184928,59547.071986607145,2517.31067774599,2479.006138392855
2021-10-19,23071,0.1336682501842139,0.3774846068697818,0.0,-0.976,0.9846,0.1729263577651597,0.392609752090518,0.0,-0.9787,0.9846,0.2095946599627237,0.479831947467947,0.0,-1.0,1.0,40.59208530189415,43.028043864591915,16.379870833513934,46.786008408824934,37.18521087079017,16.0287807203849,47.06774738849638,36.65640847817607,16.275844133327556,62043.1640625,64434.53515625,61622.93359375,64261.9921875,40471196346,2235.9140625,3.6047967727284025,6.347651011537447,60721.49107142857,2526.67896562888,3540.5011160714275
2021-10-20,31006,0.1454012900728891,0.3753195958987272,0.0,-0.9986,0.9934,0.2072054344320454,0.3964145704369471,0.0382,-0.9986,0.9988,0.247632484035348,0.4803286097521803,0.0516,-1.0,1.0,41.1565503450945,43.90440559891634,14.939044055989164,49.93872153776688,36.08333870863704,13.977939753596075,50.20318648003612,35.61568728633168,14.1811262336322,64284.5859375,66930.390625,63610.67578125,65992.8359375,40788955582,1730.84375,2.693417510228824,0.7851491052633719,61948.88225446428,2724.00685340085,4043.9536830357174
2021-10-21,20269,0.1523694163500912,0.3892405202857059,0.0,-0.987,0.9968,0.171271074053974,0.4004109068045929,0.0,-0.987,0.9968,0.2044953771769697,0.4848097116494398,0.0,-1.0,1.0,44.111697666387094,39.01524495535054,16.87305737826237,46.88933839853964,35.95145295771868,17.159208643741675,47.26429522916769,35.36928314174355,17.36642162908876,66002.234375,66600.546875,62117.41015625,62210.171875,45908121370,-3782.6640625,-5.731931366129583,12.55037231269307,62647.26060267857,1814.8910182308507,-437.08872767857247
2021-10-22,15843,0.1413037429779713,0.3879326276344751,0.0,-0.9804,0.9918,0.1553630499274127,0.3974657854778392,0.0,-0.9804,0.9952,0.185068550779524,0.4792543936215677,0.0,-1.0,1.0,42.49195228176482,40.39007763681121,17.117970081423973,45.01041469418671,37.61913778956006,17.370447516253236,45.578488922552545,36.81120999810642,17.610301079341035,62237.890625,63715.0234375,60122.796875,60692.265625,38434082775,-1517.90625,-2.4399647264276236,-16.280427889354076,62518.44866071428,1930.430406447255,-1826.1830357142826
2021-10-23,13752,0.1571744182664339,0.3923176640308279,0.0,-0.9756,0.9966,0.1712631399069226,0.3992628422360785,0.0,-0.9631,0.9974,0.2006664048865619,0.4785176601565194,0.0,-1.0,1.0,44.09540430482839,39.347004072134965,16.55759162303665,46.36416521233275,37.04915648632926,16.586678301337987,46.80773705642815,36.394706224549154,16.797556719022687,60694.62890625,61743.87890625,59826.5234375,61393.6171875,26882546034,701.3515625,1.1555863919028075,-30.05545054535258,62590.08258928572,1868.3301125449184,-1196.4654017857174
2021-10-24,12417,0.1595901989208343,0.4099507500846205,0.0,-0.9809,0.9934,0.172757300475155,0.4179002609967656,0.0,-0.9809,0.9934,0.2005379318676008,0.5022461135446666,0.0,-1.0,1.0,44.97865829105259,36.98155754207941,18.039784166868003,47.12088266086816,34.64604977047596,18.233067568655876,47.43496818877346,34.06619956511235,18.4988322461142,61368.34375,61505.8046875,59643.34375,60930.8359375,27316183882,-462.78125,-0.7537937512081094,1.613083252797387,62501.11383928572,1939.3888775281746,-1570.2779017857174
2021-10-25,15536,0.156599478630278,0.3936624560678826,0.0,-0.9884,0.9903,0.1753851377445932,0.403559487187002,0.0,-0.9884,0.9903,0.2064802941555097,0.4855315914941922,0.0,-1.0,1.0,44.79917610710608,38.32389289392379,16.87693099897013,47.32234809474768,35.710607621009274,16.96704428424305,47.67636457260557,35.176364572605564,17.147270854788875,60893.92578125,63729.32421875,60691.80078125,63039.82421875,31064911614,2108.98828125,3.46128236844363,13.723467919946986,62645.93470982143,1935.8509610752826,393.88950892857247
2021-10-26,18404,0.1816215876983264,0.3992014719403304,0.0,-0.9758,0.9891,0.193235590089111,0.4056409629079884,0.0258,-0.9753,0.9987,0.2262972859161051,0.4858001568303052,0.0516,-1.0,1.0,48.13627472288633,36.42686372527712,15.436861551836556,49.75005433601391,34.77504890241252,15.47489676157357,50.01086720278201,34.29145837861334,15.69767441860465,63032.76171875,63229.02734375,59991.16015625,60363.79296875,34878965587,-2676.03125,-4.244985266320056,12.277691372156108,62089.049107142855,1954.0893784941238,-1725.256138392855
2021-10-27,16562,0.1425376464195145,0.3978318848149498,0.0,-0.9941,0.9976,0.1545172684458398,0.4075206953136794,0.0,-0.9941,0.9978,0.182975721531216,0.4943527521536005,0.0,-1.0,1.0,44.14925733607053,37.39886487139235,18.451877792537132,46.220263253230286,34.31348870909311,19.46624803767661,46.51008332327014,33.776113995894214,19.71380268083565,60352.0,61435.18359375,58208.1875,58482.38671875,43657076893,-1881.40625,-3.116779376295975,25.167349886292946,61016.12779017857,1450.3524109139826,-2533.7410714285725
2021-10-28,15972,0.1458228337089907,0.3951310940882856,0.0,-0.979,0.9907,0.1583686138241923,0.4048600698037254,0.0,-0.9779,0.9927,0.185216456924618,0.4895802403070706,0.0,-1.0,1.0,43.6701728024042,38.44227397946406,17.88755321813173,45.880290508389685,35.52466816929627,18.59504132231405,46.22464312546957,34.917355371900825,18.8580015026296,58470.73046875,62128.6328125,58206.91796875,60622.13671875,45257083247,2139.75,3.658793903693369,3.6649415578635436,60789.265625,1353.4126796734827,-167.12890625
2021-10-29,13092,0.1627033990223037,0.4031541809265522,0.0,-0.9915,0.9954,0.1777212572563397,0.4096114675815493,0.0,-0.9915,0.9996,0.2104491788878704,0.4939848713693089,0.0,-1.0,1.0,45.92881148793156,36.77054689886954,17.3006416131989,48.22028719828903,34.46379468377635,17.31591811793462,48.57928505957837,33.95967002749771,17.461044912923924,60624.87109375,62927.609375,60329.96484375,62227.96484375,36856881767,1605.828125,2.648913766352501,-18.561075697596642,61008.65122767857,1455.6723207507478,1219.3136160714275
2021-10-30,11276,0.1750371142249024,0.4039706868224098,0.0,-0.9861,0.9942,0.1900908566867683,0.4109182268150299,0.0,-0.9861,0.9995,0.2222662912380276,0.4944645520064017,0.0,-1.0,1.0,46.18659098971266,37.601986520042566,16.211422490244768,48.66087264987584,35.10109968073785,16.238027669386305,49.0333451578574,34.57786449095424,16.388790351188366,62239.36328125,62330.14453125,60918.38671875,61888.83203125,32157938616,-339.1328125,-0.5449845794435637,-12.749160877758314,61079.396205357145,1489.1483542664273,809.4358258928551
2021-10-31,11836,0.1761635772220344,0.4105092156528039,0.0,-0.9834,0.998,0.1888712064886786,0.416486940777709,0.0,-0.9834,0.9995,0.2183389151740452,0.49583944768706,0.0,-1.0,1.0,46.63737749239608,35.70462994254816,17.657992565055764,48.504562352146,33.9557282865833,17.5397093612707,48.81716796214938,33.440351470091244,17.74248056775938,61850.48828125,62406.171875,60074.328125,61318.95703125,32241199927,-569.875,-0.9208042570786446,0.2589137071073777,61134.842075892855,1489.9203809984228,184.11495535714494
2021-11-01,14818,0.1707702254015386,0.4005054324511993,0.0,-0.967,0.9964,0.1885991226886219,0.4086179386030024,0.0258,-0.967,0.9964,0.2220096774193548,0.4874182699929045,0.0258,-1.0,1.0,46.929410176811984,36.482656228910784,16.587933594277228,49.56134431097314,33.99919017411256,16.439465514914293,49.939263058442435,33.405317856660815,16.655419084896746,61320.44921875,62419.00390625,59695.18359375,61004.40625,36150572843,-314.55078125,-0.5129747739996526,12.125395223662693,60844.068080357145,1232.5709158097118,160.33816964285506
2021-11-02,16000,0.1643338437499999,0.4021978599786248,0.0,-0.979,0.9955,0.18032053125,0.4110876309108079,0.0,-0.9762,0.9955,0.213190759375,0.4932781066505348,0.0,-1.0,1.0,45.825,37.5,16.675,48.325,34.7125,16.9625,48.675,34.125,17.2,60963.25390625,64242.79296875,60673.0546875,63226.40234375,37746665647,2221.99609375,3.6423534468053242,4.415124515264934,61253.01227678572,1493.8535874352015,1973.3900669642826
2021-11-03,14828,0.1655932829781494,0.3979789953603424,0.0,-0.998,0.9959,0.1807274480712166,0.4058233616303876,0.0,-0.998,0.9959,0.2128619166441866,0.4890955047060869,0.0,-1.0,1.0,46.29080118694362,36.88966819530618,16.819530617750203,48.69840841650931,34.48206096574049,16.819530617750203,49.0221203129215,33.9627731319126,17.0151065551659,63254.3359375,63516.9375,61184.23828125,62970.046875,36124731509,-256.35546875,-0.4054563588107407,-4.296893805582814,61894.10658482143,981.8706372881588,1075.9402901785725
2021-11-04,15119,0.160661055625372,0.4049984140425784,0.0,-0.9844,0.9969,0.1713812223030623,0.4107311421151985,0.0,-0.982,0.9969,0.2021881738210199,0.4957217653006249,0.0,-1.0,1.0,46.18691712414842,35.62404920960381,18.189033666247767,47.86692241550367,33.98372908261128,18.149348501885047,48.23731728288908,33.42813678153317,18.33454593557775,62941.8046875,63123.2890625,60799.6640625,61452.23046875,32615846901,-1517.81640625,-2.4103783966732184,-9.713247577011908,62012.69140625,842.9442778005193,-560.4609375
2021-11-05,15063,0.1533348801699528,0.3980843526324296,0.0,-0.9958,0.999,0.1655511451902011,0.4050244628051136,0.0,-0.9705,0.999,0.1938372269800172,0.4904994206398411,0.0,-1.0,1.0,44.85162318263294,36.81869481510987,18.329682002257183,46.63081723428268,35.13244373630751,18.23673902940981,46.93620128792405,34.601341034322516,18.46245767775343,61460.078125,62541.46875,60844.609375,61125.67578125,30605102446,-326.5546875,-0.5313959884109654,-6.164930995363338,61855.22154017857,897.2371563041926,-729.5457589285725
2021-11-06,12171,0.1686900419028839,0.4011676987889337,0.0,-0.9844,0.9867,0.1796763207624681,0.4091977710898299,0.0,-0.9888,0.9868,0.2097561498644318,0.4888319665336025,0.0,-1.0,1.0,47.35025881193,35.34631501109194,17.30342617697806,49.11675293731,33.42371210253882,17.45953496015118,49.46183551064004,32.92252074603566,17.6156437433243,61068.875,61590.68359375,60163.78125,61527.48046875,29094934221,401.8046875,0.6573419146120196,-4.9343674887694196,61803.599888392855,905.3395374274854,-276.11941964285506
2021-11-07,11082,0.1548870240028875,0.4036109299861244,0.0,-0.9794,0.9889,0.1727092131384226,0.4126673332104764,0.0,-0.9794,0.9904,0.2026303690669554,0.4959354447868044,0.0,-1.0,1.0,44.9196895867172,37.412019491066594,17.668290922216208,47.59971124345786,34.867352463454246,17.53293629308789,47.96968056307526,34.26276845334777,17.76755098357697,61554.921875,63326.98828125,61432.48828125,63326.98828125,24726754302,1799.5078125,2.9247220896912562,-15.013541140255116,62090.46149553572,1035.0237109297489,1236.5267857142826
2021-11-08,17724,0.1352796998420221,0.3816267410886778,0.0,-0.984,0.9857,0.1748033231776123,0.3961840473313266,0.0,-0.984,0.9977,0.2085188416835928,0.4798226224015586,0.0,-1.0,1.0,40.41976980365606,43.223877228616566,16.356352967727375,46.63168584969532,37.378695554051006,15.989618596253669,47.03227262468969,36.72985781990521,16.2378695554051,63344.06640625,67673.7421875,63344.06640625,67566.828125,41125608330,4239.83984375,6.695154718111462,66.32028541923756,63027.95033482143,2201.761517913114,4538.8777901785725
2021-11-09,20121,0.1491783410367278,0.3818859345029915,0.0,-0.9732,0.9963,0.1771886238258536,0.393882064052181,0.0,-0.9732,0.9963,0.2085920331991451,0.4756592782368581,0.0,-1.0,1.0,42.51279757467323,41.434322349783805,16.052880075542966,46.69251031260872,37.488196411709154,15.819293275682124,47.04040554644401,36.90671437801302,16.052880075542966,67549.734375,68530.3359375,66382.0625,66971.828125,42357991721,-595.0,-0.8806096371717143,2.9966326117564224,63563.01116071428,2664.4974792869307,3408.8169642857174
2021-11-10,19062,0.1336446962543279,0.3991805172148271,0.0,-0.9859,0.9942,0.154498452418424,0.4106307622878659,0.0,-0.9794,0.9955,0.1803733789738747,0.4954077876281666,0.0,-1.0,1.0,42.70275941664043,38.04427657118875,19.25296401217081,45.97628790263351,34.53992235861924,19.483789738747245,46.264820060854056,34.02581051306264,19.709369426083303,66953.3359375,68789.625,63208.11328125,64995.23046875,48730828378,-1976.59765625,-2.9513867421399387,15.045181317792533,63852.32310267857,2699.1053025831266,1142.9073660714275
2021-11-11,15448,0.135760648627654,0.3991454943807933,0.0,-0.9859,0.9877,0.1488912092180217,0.4088605586525954,0.0,-0.9843,0.9877,0.1741400990419472,0.4933438636873594,0.0,-1.0,1.0,43.52019678922838,37.74598653547385,18.733816675297778,45.682288969445885,35.09839461418954,19.219316416364578,45.986535473847745,34.52226825479026,19.49119627136199,64978.890625,65579.015625,64180.48828125,64949.9609375,35880633236,-45.26953125,-0.06965054346836919,-26.36974492270553,64351.99888392857,2496.91975465148,597.9620535714275
2021-11-12,15436,0.124098561803576,0.4165751245421481,0.0,-0.9806,0.9922,0.1368343482767556,0.424727049484208,0.0,-0.979,0.9933,0.1560055973050013,0.5268724240662291,0.0,-1.0,1.0,42.43975123088883,35.79942990412024,21.76081886499093,44.448043534594454,33.570873283234,21.981083182171545,44.76548328582534,33.03316921482249,22.201347499352163,64863.98046875,65460.81640625,62333.9140625,64155.94140625,36084893887,-794.01953125,-1.222509636324598,0.5692782779403771,64784.89397321428,2070.633567711233,-628.9525669642826
2021-11-13,12946,0.1216592769967557,0.4214656333591232,0.0,-0.9714,0.9871,0.1378581646840723,0.4290203452749859,0.0,-0.9677,0.9877,0.1594944036768113,0.5170330405961874,0.0,-1.0,1.0,43.07121890931562,35.640352232349755,21.288428858334623,45.5198516916422,33.12992430094238,21.35022400741542,45.91379576703229,32.5119728101344,21.574231422833307,64158.12109375,64915.67578125,63303.734375,64469.52734375,30474228777,313.5859375,0.48878705639170406,-15.548514920314915,65205.18638392857,1526.288178817079,-735.6590401785725
2021-11-14,13609,0.1459633330883973,0.4134493192505136,0.0,-0.9584,0.9896,0.1617263061209493,0.4219973823532469,0.0,-0.9565,0.9896,0.1849041369681828,0.5086658070106421,0.0,-1.0,1.0,44.874715261959,34.91806892497612,20.207215813064884,47.167315746932175,32.588728047615554,20.243956205452275,47.58615622014843,31.905356749210085,20.508487030641486,64455.37109375,65495.1796875,63647.80859375,65466.83984375,25122092191,997.3125,1.5469517787564335,-17.56282866144081,65510.87946428572,1282.1875989407101,-44.039620535717404
2021-11-15,15041,0.1483390665514261,0.4032267716747566,0.0,-0.984,0.9974,0.1637714580147596,0.4119403741822891,0.0,-0.9808,0.9974,0.1889841666112625,0.4975718480616615,0.0,-1.0,1.0,44.325510271923406,36.766172461937366,18.908317266139218,46.55275580081112,34.33947210956718,19.1077720896217,46.83864104780267,33.834186556744896,19.32717239545243,65521.2890625,66281.5703125,63548.14453125,63557.87109375,30558763548,-1908.96875,-2.915932332393234,21.640997555719863,64938.17131696428,1092.0458384072288,-1380.3002232142826
2021-11-16,18076,0.1191688205355167,0.4057049160514139,0.0,-0.984,0.9897,0.1273974883823855,0.416629599878188,0.0,-0.984,0.9918,0.1486966391900863,0.5014144657780324,0.0,-1.0,1.0,41.74042929851737,36.66187209559637,21.597698605886254,43.41668510732463,33.56937375525559,23.01394113741978,43.69329497676477,33.0106218189865,23.296083204248728,63721.1953125,63721.1953125,59016.3359375,60161.24609375,46844335592,-3396.625,-5.344145330150951,53.292640647647715,63965.23102678572,1789.4295923858263,-3803.9849330357174
2021-11-17,15664,0.1404741381511746,0.4062182210369573,0.0,-0.9703,0.991,0.1490292326353421,0.4138653269395413,0.0,-0.9703,0.996,0.174366001659857,0.4974796293320722,0.0,-1.0,1.0,44.196884576098064,35.75715015321757,20.04596527068437,45.61414708886619,33.56103166496425,20.824821246169563,45.93335035750766,32.967313585291116,21.099336057201228,60139.62109375,60823.609375,58515.41015625,60368.01171875,39178392930,206.765625,0.3436857419438999,-16.36471638485396,63304.19977678572,2161.5080114724988,-2936.1880580357174
2021-11-18,17469,0.1326876352395672,0.40413889446659,0.0,-0.9721,0.9973,0.1456100005724426,0.4115579190724603,0.0,-0.9721,0.9973,0.1714036550460816,0.4978460316381896,0.0,-1.0,1.0,44.06090789398363,35.00486576220734,20.934226343809033,46.053008185929365,32.61205564142195,21.334936172648693,46.36785162287481,32.15982597744576,21.472322399679435,60360.13671875,60948.5,56550.79296875,56942.13671875,41388338699,-3425.875,-5.674983989800575,5.640725930102608,62160.224888392855,3072.4384463959445,-5218.088169642855
2021-11-19,16696,0.1249078821274556,0.4165632173036233,0.0,-0.9896,0.9991,0.1377787314326785,0.4253557801745662,0.0,-0.9896,0.9991,0.1594969304024916,0.5081794505804273,0.0,-1.0,1.0,42.980354575946336,35.01437470052707,22.005270723526593,44.92692860565405,32.660517489218975,22.412553905126977,45.32223287014854,32.04360325826545,22.634163871586008,56896.12890625,58351.11328125,55705.1796875,58119.578125,38702407772,1177.44140625,2.0677857806173483,-6.489583808941079,61297.88727678572,3260.3125308645535,-3178.3091517857174
2021-11-20,12745,0.1273786112200863,0.4110286028693848,0.0,-0.9595,0.9855,0.1404183366025892,0.4186473798876706,0.0,-0.9595,0.9876,0.1627424323264025,0.5004714964832494,0.0,-1.0,1.0,42.83248332679482,36.2338171832091,20.933699489996076,44.80972930561004,34.17026284817575,21.0200078462142,45.09219301686936,33.644566496665355,21.26324048646528,58115.08203125,59859.87890625,57469.7265625,59697.1953125,30624264863,1577.6171875,2.7144333086984274,-20.87245567921562,60616.12555803572,2972.8534989007735,-918.9302455357174
2021-11-21,13335,0.1454727634045744,0.405619094870507,0.0,-0.9933,0.9988,0.1547952155980502,0.4119977707335951,0.0,-0.9933,0.9988,0.1787132695913011,0.4934577892998721,0.0,-1.0,1.0,43.71203599550056,37.22534683164604,19.062617172853393,45.11436070491189,35.620547431571055,19.26509186351706,46.149231346081734,34.36070491188602,19.490063742032245,59730.5078125,60004.42578125,58618.9296875,58730.4765625,26123447605,-966.71875,-1.619370466132397,-14.696898939892112,59653.78794642857,2104.3896525000346,-923.3113839285725
2021-11-22,15493,0.140593054928032,0.4014723871687408,0.0,-0.9862,0.9833,0.1521762086103401,0.408847709370092,0.0,-0.9862,0.996,0.1778161105015168,0.4929879614515181,0.0,-1.0,1.0,43.46479055057122,37.64926095656102,18.885948492867747,45.2591492932292,35.5709029884464,19.169947718324405,45.80778416058865,34.80281417414316,19.389401665268185,58706.84765625,59266.359375,55679.83984375,56289.2890625,35036121783,-2441.1875,-4.1565940596482776,34.11752657139375,58615.41908482143,1586.466363062121,-2326.1300223214275
2021-11-23,15988,0.1403775018764073,0.4127084831068548,0.0,-0.9813,0.9975,0.1510244183137352,0.4190924948935545,0.0,-0.9813,0.9975,0.176106160870653,0.5016840057567606,0.0,-1.0,1.0,43.87665749311984,35.68926695021266,20.4340755566675,45.58418814110583,33.8378784088066,20.577933450087567,46.115836877658246,33.08731548661496,20.796847635726795,56304.5546875,57875.515625,55632.76171875,57569.07421875,37485803899,1279.78515625,2.2735855747423095,6.9918757880006455,58245.10881696428,1463.249904756716,-676.0345982142826
2021-11-24,15187,0.1444977546585895,0.4169067111046406,0.0,-0.9866,0.999,0.1550255547507737,0.4237388848649234,0.0,-0.9866,0.999,0.1834582175544874,0.513931084200226,0.0,-1.0,1.0,44.75538289326397,34.64805425693027,20.596562849805757,46.50688088496741,32.74511095015474,20.748008164877856,46.88878646210575,32.093237637453086,21.017975900441165,57565.8515625,57803.06640625,55964.22265625,56280.42578125,36635566789,-1288.6484375,-2.238438701660228,-2.268157599849907,57661.16796875,1278.8638188866396,-1380.7421875
2021-11-25,13214,0.1603379219010141,0.4217433920602514,0.0,-0.9829,0.9836,0.1727311639170576,0.4292369840066988,0.0,-0.9829,0.995,0.2009328628727107,0.5128124787354934,0.0,-1.0,1.0,47.093991221431814,33.14666263054336,19.75934614802482,48.95565309520206,31.126078401695175,19.91826850310277,49.212955955804446,30.55849856213107,20.22854548206448,57165.41796875,59367.96875,57146.68359375,57274.6796875,34284016248,994.25390625,1.7666069374003168,-6.41876391470505,57708.674107142855,1253.629758229806,-433.99441964285506
2021-11-26,16219,0.1301268327270485,0.4140897245247541,0.0,-0.9899,0.9936,0.1372761021024724,0.4226416894010273,0.0,-0.9882,0.9936,0.1594612429866206,0.508028101657238,0.0,-1.0,1.0,43.56618780442691,34.85418336518897,21.579628830384117,45.323386152043895,32.09815648313706,22.57845736481904,45.57617608977126,31.623404648868608,22.800419261360133,58960.28515625,59183.48046875,53569.765625,53569.765625,41810748221,-3704.9140625,-6.468677053655503,21.954055553334072,57058.700892857145,1976.2755577498333,-3488.935267857145
2021-11-27,12412,0.1377966564614889,0.4192249458633944,0.0,-0.959,0.9893,0.14664178214631,0.4270664831261412,0.0,-0.959,0.9894,0.1688987109249113,0.516086997094645,0.0,-1.0,1.0,44.722848855945855,34.12826297131808,21.14888817273606,46.19722848855946,31.944892039961324,21.857879471479215,46.55172413793103,31.308411214953267,22.139864647115697,53736.4296875,55329.2578125,53668.35546875,54815.078125,30560857714,1245.3125,2.324655494514305,-26.90669501424898,56361.255580357145,1736.9115816787812,-1546.177455357145
2021-11-28,12232,0.1407199803793329,0.4168880052127447,0.0,-0.9771,0.9874,0.1534137753433616,0.4256895572120099,0.0,-0.9771,0.9913,0.1801914323086985,0.5174388368856708,0.0,-1.0,1.0,43.79496402877698,35.52158273381295,20.68345323741007,45.724329627207325,33.18345323741007,21.092217135382604,46.043165467625904,32.668410725964684,21.28842380640942,54813.0234375,57393.84375,53576.734375,57248.45703125,28116886357,2433.37890625,4.43925100444249,-7.997064021800703,56149.53850446428,1469.7687213803047,1098.9185267857174
2021-11-29,15585,0.1475046519088867,0.4002864570942985,0.0,-0.9914,0.9997,0.1609154186717998,0.4076344113529957,0.0,-0.9914,0.9997,0.1878713538658967,0.4930636540656422,0.0,-1.0,1.0,43.22746230349695,38.31247994866859,18.46005774783446,45.39621430863009,35.91273660571062,18.691049085659287,45.78119987167148,35.24542829643889,18.973371831889636,57291.90625,58872.87890625,56792.52734375,57806.56640625,32370840356,558.109375,0.9748898117819094,15.129534419236768,56366.29241071428,1599.9299997078017,1440.2739955357174
2021-11-30,14126,0.1508987894662325,0.4056153391270747,0.0,-0.9839,0.9989,0.1680088772476284,0.4139441508023634,0.0,-0.9627,0.9989,0.1978536492991646,0.5027034161390124,0.0,-1.0,1.0,43.83406484496673,37.06640237859267,19.099532776440604,46.23389494549058,34.54622681580065,19.21987823870877,46.708197649723914,33.873708056066825,19.418094294209254,57830.11328125,59113.40234375,56057.28125,57005.42578125,36708594618,-801.140625,-1.3858989986877734,13.400190462451157,56285.771205357145,1542.4589546022253,719.6545758928551
